Ticker,Name,AssetClass,Sector,SEDOL,ISIN,Exchange
MSFT,MICROSOFT CORP,Equity,Information Technology,2588173,US5949181045,NASDAQ
AAPL,APPLE INC,Equity,Information Technology,2046251,US0378331005,NASDAQ
AMZN,AMAZON COM INC,Equity,Consumer Discretionary,2000019,US0231351067,NASDAQ
FB,FACEBOOK CLASS A INC,Equity,Communication,B7TL820,US30303M1027,NASDAQ
GOOG,ALPHABET INC CLASS C,Equity,Communication,BYY88Y7,US02079K1079,NASDAQ
GOOGL,ALPHABET INC CLASS A,Equity,Communication,BYVY8G0,US02079K3059,NASDAQ
V,VISA INC CLASS A,Equity,Information Technology,B2PZN04,US92826C8394,New York Stock Exchange Inc.
UNH,UNITEDHEALTH GROUP INC,Equity,Health Care,2917766,US91324P1021,New York Stock Exchange Inc.
MA,MASTERCARD INC CLASS A,Equity,Information Technology,B121557,US57636Q1040,New York Stock Exchange Inc.
MRK,MERCK & CO INC,Equity,Health Care,2778844,US58933Y1055,New York Stock Exchange Inc.
CSCO,CISCO SYSTEMS INC,Equity,Information Technology,2198163,US17275R1023,NASDAQ
ADBE,ADOBE INC,Equity,Information Technology,2008154,US00724F1012,NASDAQ
NFLX,NETFLIX INC,Equity,Communication,2857817,US64110L1061,NASDAQ
NVDA,NVIDIA CORP,Equity,Information Technology,2379504,US67066G1040,NASDAQ
PEP,PEPSICO INC,Equity,Consumer Staples,2681511,US7134481081,NASDAQ
CRM,SALESFORCE.COM INC,Equity,Information Technology,2310525,US79466L3024,New York Stock Exchange Inc.
COST,COSTCO WHOLESALE CORP,Equity,Consumer Staples,2701271,US22160K1051,NASDAQ
HD,HOME DEPOT INC,Equity,Consumer Discretionary,2434209,US4370761029,New York Stock Exchange Inc.
PYPL,PAYPAL HOLDINGS INC,Equity,Information Technology,BYW36M8,US70450Y1038,NASDAQ
KO,COCA-COLA,Equity,Consumer Staples,2206657,US1912161007,New York Stock Exchange Inc.
LLY,ELI LILLY,Equity,Health Care,2516152,US5324571083,New York Stock Exchange Inc.
ACN,ACCENTURE PLC CLASS A,Equity,Information Technology,B4BNMY3,IE00B4BNMY34,New York Stock Exchange Inc.
ABBV,ABBVIE INC,Equity,Health Care,B92SR70,US00287Y1091,New York Stock Exchange Inc.
AMGN,AMGEN INC,Equity,Health Care,2023607,US0311621009,NASDAQ
ORCL,ORACLE CORP,Equity,Information Technology,2661568,US68389X1054,New York Stock Exchange Inc.
TXN,TEXAS INSTRUMENT INC,Equity,Information Technology,2885409,US8825081040,NASDAQ
UNP,UNION PACIFIC CORP,Equity,Industrials,2914734,US9078181081,New York Stock Exchange Inc.
NKE,NIKE INC CLASS B,Equity,Consumer Discretionary,2640147,US6541061031,New York Stock Exchange Inc.
AMT,AMERICAN TOWER REIT CORP,Equity,Real Estate,B7FBFL2,US03027X1000,New York Stock Exchange Inc.
BA,BOEING,Equity,Industrials,2108601,US0970231058,New York Stock Exchange Inc.
AVGO,BROADCOM INC,Equity,Information Technology,BDZ78H9,US11135F1012,NASDAQ
LMT,LOCKHEED MARTIN CORP,Equity,Industrials,2522096,US5398301094,New York Stock Exchange Inc.
SBUX,STARBUCKS CORP,Equity,Consumer Discretionary,2842255,US8552441094,NASDAQ
QCOM,QUALCOMM INC,Equity,Information Technology,2714923,US7475251036,NASDAQ
CMCSA,COMCAST CORP CLASS A,Equity,Communication,2044545,US20030N1019,NASDAQ
TMO,THERMO FISHER SCIENTIFIC INC,Equity,Health Care,2886907,US8835561023,New York Stock Exchange Inc.
TSLA,TESLA INC,Equity,Consumer Discretionary,B616C79,US88160R1014,NASDAQ
BMY,BRISTOL MYERS SQUIBB,Equity,Health Care,2126335,US1101221083,New York Stock Exchange Inc.
UPS,UNITED PARCEL SERVICE INC CLASS B,Equity,Industrials,2517382,US9113121068,New York Stock Exchange Inc.
LOW,LOWES COMPANIES INC,Equity,Consumer Discretionary,2536763,US5486611073,New York Stock Exchange Inc.
INTU,INTUIT INC,Equity,Information Technology,2459020,US4612021034,NASDAQ
IBM,INTERNATIONAL BUSINESS MACHINES CO,Equity,Information Technology,2005973,US4592001014,New York Stock Exchange Inc.
SPGI,S&P GLOBAL INC,Equity,Financials,BYV2325,US78409V1044,New York Stock Exchange Inc.
ADP,AUTOMATIC DATA PROCESSING INC,Equity,Information Technology,2065308,US0530151036,NASDAQ
CCI,CROWN CASTLE INTERNATIONAL REIT CO,Equity,Real Estate,BTGQCX1,US22822V1017,New York Stock Exchange Inc.
BKNG,BOOKING HOLDINGS INC,Equity,Consumer Discretionary,BDRXDB4,US09857L1089,NASDAQ
MMM,3M,Equity,Industrials,2595708,US88579Y1010,New York Stock Exchange Inc.
VRTX,VERTEX PHARMACEUTICALS INC,Equity,Health Care,2931034,US92532F1003,NASDAQ
TJX,TJX INC,Equity,Consumer Discretionary,2989301,US8725401090,New York Stock Exchange Inc.
ISRG,INTUITIVE SURGICAL INC,Equity,Health Care,2871301,US46120E6023,NASDAQ
ABT,ABBOTT LABORATORIES,Equity,Health Care,2002305,US0028241000,New York Stock Exchange Inc.
ZTS,ZOETIS INC CLASS A,Equity,Health Care,B95WG16,US98978V1035,New York Stock Exchange Inc.
SYK,STRYKER CORP,Equity,Health Care,2853688,US8636671013,New York Stock Exchange Inc.
FISV,FISERV INC,Equity,Information Technology,2342034,US3377381088,NASDAQ
NOW,SERVICENOW INC,Equity,Information Technology,B80NXX8,US81762P1021,New York Stock Exchange Inc.
JNJ,JOHNSON & JOHNSON,Equity,Health Care,2475833,US4781601046,New York Stock Exchange Inc.
NOC,NORTHROP GRUMMAN CORP,Equity,Industrials,2648806,US6668071029,New York Stock Exchange Inc.
EQIX,EQUINIX REIT INC,Equity,Real Estate,BVLZX12,US29444U7000,NASDAQ
AMD,ADVANCED MICRO DEVICES INC,Equity,Information Technology,2007849,US0079031078,NASDAQ
HON,HONEYWELL INTERNATIONAL INC,Equity,Industrials,2020459,US4385161066,New York Stock Exchange Inc.
ITW,ILLINOIS TOOL INC,Equity,Industrials,2457552,US4523081093,New York Stock Exchange Inc.
FIS,FIDELITY NATIONAL INFORMATION SERV,Equity,Information Technology,2769796,US31620M1062,New York Stock Exchange Inc.
GPN,GLOBAL PAYMENTS INC,Equity,Information Technology,2712013,US37940X1028,New York Stock Exchange Inc.
BSX,BOSTON SCIENTIFIC CORP,Equity,Health Care,2113434,US1011371077,New York Stock Exchange Inc.
EW,EDWARDS LIFESCIENCES CORP,Equity,Health Care,2567116,US28176E1082,New York Stock Exchange Inc.
ECL,ECOLAB INC,Equity,Materials,2304227,US2788651006,New York Stock Exchange Inc.
ILMN,ILLUMINA INC,Equity,Health Care,2613990,US4523271090,NASDAQ
CHTR,CHARTER COMMUNICATIONS INC CLASS A,Equity,Communication,BZ6VT82,US16119P1084,NASDAQ
SHW,SHERWIN WILLIAMS,Equity,Materials,2804211,US8243481061,New York Stock Exchange Inc.
MMC,MARSH & MCLENNAN INC,Equity,Financials,2567741,US5717481023,New York Stock Exchange Inc.
AON,AON PLC CLASS A,Equity,Financials,B5BT0K0,GB00B5BT0K07,New York Stock Exchange Inc.
EL,ESTEE LAUDER INC CLASS A,Equity,Consumer Staples,2320524,US5184391044,New York Stock Exchange Inc.
MCO,MOODYS CORP,Equity,Financials,2252058,US6153691059,New York Stock Exchange Inc.
AXP,AMERICAN EXPRESS,Equity,Financials,2026082,US0258161092,New York Stock Exchange Inc.
DG,DOLLAR GENERAL CORP,Equity,Consumer Discretionary,B5B1S13,US2566771059,New York Stock Exchange Inc.
MO,ALTRIA GROUP INC,Equity,Consumer Staples,2692632,US02209S1033,New York Stock Exchange Inc.
LRCX,LAM RESEARCH CORP,Equity,Information Technology,2502247,US5128071082,NASDAQ
WM,WASTE MANAGEMENT INC,Equity,Industrials,2937667,US94106L1098,New York Stock Exchange Inc.
ROST,ROSS STORES INC,Equity,Consumer Discretionary,2746711,US7782961038,NASDAQ
SBAC,SBA COMMUNICATIONS REIT CORP CLASS,Equity,Real Estate,BZ6TS23,US78410G1040,NASDAQ
CNC,CENTENE CORP,Equity,Health Care,2807061,US15135B1017,New York Stock Exchange Inc.
ADSK,AUTODESK INC,Equity,Information Technology,2065159,US0527691069,NASDAQ
RTN,RAYTHEON,Equity,Industrials,2758051,US7551115071,New York Stock Exchange Inc.
EA,ELECTRONIC ARTS INC,Equity,Communication,2310194,US2855121099,NASDAQ
SYY,SYSCO CORP,Equity,Consumer Staples,2868165,US8718291078,New York Stock Exchange Inc.
ORLY,OREILLY AUTOMOTIVE INC,Equity,Consumer Discretionary,B65LWX6,US67103H1077,NASDAQ
AMAT,APPLIED MATERIAL INC,Equity,Information Technology,2046552,US0382221051,NASDAQ
WDAY,WORKDAY INC CLASS A,Equity,Information Technology,B8K6ZD1,US98138H1014,NASDAQ
MSCI,MSCI INC,Equity,Financials,B2972D2,US55354G1004,New York Stock Exchange Inc.
LULU,LULULEMON ATHLETICA INC,Equity,Consumer Discretionary,B23FN39,US5500211090,NASDAQ
SCHW,CHARLES SCHWAB CORP,Equity,Financials,2779397,US8085131055,New York Stock Exchange Inc.
KLAC,KLA CORP,Equity,Information Technology,2480138,US4824801009,NASDAQ
APH,AMPHENOL CORP CLASS A,Equity,Information Technology,2145084,US0320951017,New York Stock Exchange Inc.
EBAY,EBAY INC,Equity,Consumer Discretionary,2293819,US2786421030,NASDAQ
MAR,MARRIOTT INTERNATIONAL INC CLASS A,Equity,Consumer Discretionary,2210614,US5719032022,NASDAQ
VRSK,VERISK ANALYTICS INC,Equity,Industrials,B4P9W92,US92345Y1064,NASDAQ
DXCM,DEXCOM INC,Equity,Health Care,B0796X4,US2521311074,NASDAQ
MNST,MONSTER BEVERAGE CORP,Equity,Consumer Staples,BZ07BW4,US61174X1090,NASDAQ
LHX,L3HARRIS TECHNOLOGIES INC,Equity,Industrials,BK9DTN5,US5024311095,New York Stock Exchange Inc.
PAYX,PAYCHEX INC,Equity,Information Technology,2674458,US7043261079,NASDAQ
PSA,PUBLIC STORAGE REIT,Equity,Real Estate,2852533,US74460D1090,New York Stock Exchange Inc.
AZO,AUTOZONE INC,Equity,Consumer Discretionary,2065955,US0533321024,New York Stock Exchange Inc.
CSGP,COSTAR GROUP INC,Equity,Industrials,2262864,US22160N1090,NASDAQ
RMD,RESMED INC,Equity,Health Care,2732903,US7611521078,New York Stock Exchange Inc.
YUM,YUM BRANDS INC,Equity,Consumer Discretionary,2098876,US9884981013,New York Stock Exchange Inc.
MCD,MCDONALDS CORP,Equity,Consumer Discretionary,2550707,US5801351017,New York Stock Exchange Inc.
BLL,BALL CORP,Equity,Materials,2073022,US0584981064,New York Stock Exchange Inc.
SPLK,SPLUNK INC,Equity,Information Technology,B424494,US8486371045,NASDAQ
TWTR,TWITTER INC,Equity,Communication,BFLR866,US90184L1026,New York Stock Exchange Inc.
HLT,HILTON WORLDWIDE HOLDINGS INC,Equity,Consumer Discretionary,BYVMW06,US43300A2033,New York Stock Exchange Inc.
XLNX,XILINX INC,Equity,Information Technology,2985677,US9839191015,NASDAQ
IDXX,IDEXX LABORATORIES INC,Equity,Health Care,2459202,US45168D1046,NASDAQ
TT,TRANE TECHNOLOGIES PLC,Equity,Industrials,BK9ZQ96,IE00BK9ZQ967,New York Stock Exchange Inc.
VEEV,VEEVA SYSTEMS INC CLASS A,Equity,Health Care,BFH3N85,US9224751084,New York Stock Exchange Inc.
SQ,SQUARE INC CLASS A,Equity,Information Technology,BYNZGK1,US8522341036,New York Stock Exchange Inc.
ANSS,ANSYS INC,Equity,Information Technology,2045623,US03662Q1058,NASDAQ
CERN,CERNER CORP,Equity,Health Care,2185284,US1567821046,NASDAQ
SNPS,SYNOPSYS INC,Equity,Information Technology,2867719,US8716071076,NASDAQ
VFC,VF CORP,Equity,Consumer Discretionary,2928683,US9182041080,New York Stock Exchange Inc.
CI,CIGNA CORP,Equity,Health Care,BHJ0775,US1255231003,New York Stock Exchange Inc.
MSI,MOTOROLA SOLUTIONS INC,Equity,Information Technology,B5BKPQ4,US6200763075,New York Stock Exchange Inc.
CDNS,CADENCE DESIGN SYSTEMS INC,Equity,Information Technology,2302232,US1273871087,NASDAQ
ROK,ROCKWELL AUTOMATION INC,Equity,Industrials,2754060,US7739031091,New York Stock Exchange Inc.
BAX,BAXTER INTERNATIONAL INC,Equity,Health Care,2085102,US0718131099,New York Stock Exchange Inc.
BIIB,BIOGEN INC,Equity,Health Care,2455965,US09062X1037,NASDAQ
FLT,FLEETCOR TECHNOLOGIES INC,Equity,Information Technology,B4R28B3,US3390411052,New York Stock Exchange Inc.
CLX,CLOROX,Equity,Consumer Staples,2204026,US1890541097,New York Stock Exchange Inc.
TEAM,ATLASSIAN PLC CLASS A,Equity,Information Technology,BZ09BD1,GB00BZ09BD16,NASDAQ
USD,USD CASH,Cash,Cash and/or Derivatives,-,-,-
ANTM,ANTHEM INC,Equity,Health Care,BSPHGL4,US0367521038,New York Stock Exchange Inc.
ICE,INTERCONTINENTAL EXCHANGE INC,Equity,Financials,BFSSDS9,US45866F1049,New York Stock Exchange Inc.
HUM,HUMANA INC,Equity,Health Care,2445063,US4448591028,New York Stock Exchange Inc.
SPG,SIMON PROPERTY GROUP REIT INC,Equity,Real Estate,2812452,US8288061091,New York Stock Exchange Inc.
CMG,CHIPOTLE MEXICAN GRILL INC,Equity,Consumer Discretionary,B0X7DZ3,US1696561059,New York Stock Exchange Inc.
TDG,TRANSDIGM GROUP INC,Equity,Industrials,B11FJK3,US8936411003,New York Stock Exchange Inc.
HSY,HERSHEY FOODS,Equity,Consumer Staples,2422806,US4278661081,New York Stock Exchange Inc.
FAST,FASTENAL,Equity,Industrials,2332262,US3119001044,NASDAQ
SPOT,SPOTIFY TECHNOLOGY SA,Equity,Communication,BFZ1K46,LU1778762911,New York Stock Exchange Inc.
CTAS,CINTAS CORP,Equity,Industrials,2197137,US1729081059,NASDAQ
RNG,RINGCENTRAL INC CLASS A,Equity,Information Technology,BDZCRX3,US76680R2067,New York Stock Exchange Inc.
PANW,PALO ALTO NETWORKS INC,Equity,Information Technology,B87ZMX0,US6974351057,New York Stock Exchange Inc.
KEYS,KEYSIGHT TECHNOLOGIES INC,Equity,Information Technology,BQZJ0Q9,US49338L1035,New York Stock Exchange Inc.
MTD,METTLER TOLEDO INC,Equity,Health Care,2126249,US5926881054,New York Stock Exchange Inc.
CSX,CSX CORP,Equity,Industrials,2160753,US1264081035,NASDAQ
CHD,CHURCH AND DWIGHT INC,Equity,Consumer Staples,2195841,US1713401024,New York Stock Exchange Inc.
HCA,HCA HEALTHCARE INC,Equity,Health Care,B4MGBG6,US40412C1018,New York Stock Exchange Inc.
PG,PROCTER & GAMBLE,Equity,Consumer Staples,2704407,US7427181091,New York Stock Exchange Inc.
ALGN,ALIGN TECHNOLOGY INC,Equity,Health Care,2679204,US0162551016,NASDAQ
BMRN,BIOMARIN PHARMACEUTICAL INC,Equity,Health Care,2437071,US09061G1013,NASDAQ
INFO,IHS MARKIT LTD,Equity,Industrials,BD0Q558,BMG475671050,New York Stock Exchange Inc.
CPRT,COPART INC,Equity,Industrials,2208073,US2172041061,NASDAQ
PGR,PROGRESSIVE CORP,Equity,Financials,2705024,US7433151039,New York Stock Exchange Inc.
CDW,CDW CORP,Equity,Information Technology,BBM5MD6,US12514G1085,NASDAQ
CTXS,CITRIX SYSTEMS INC,Equity,Information Technology,2182553,US1773761002,NASDAQ
FTNT,FORTINET INC,Equity,Information Technology,B5B2106,US34959E1091,NASDAQ
ALXN,ALEXION PHARMACEUTICALS INC,Equity,Health Care,2036070,US0153511094,NASDAQ
DPZ,DOMINOS PIZZA INC,Equity,Consumer Discretionary,B01SD70,US25754A2015,New York Stock Exchange Inc.
TMUS,T MOBILE US INC,Equity,Communication,B94Q9V0,US8725901040,NASDAQ
AKAM,AKAMAI TECHNOLOGIES INC,Equity,Information Technology,2507457,US00971T1016,NASDAQ
GILD,GILEAD SCIENCES INC,Equity,Health Care,2369174,US3755581036,NASDAQ
SGEN,SEATTLE GENETICS INC,Equity,Health Care,2738127,US8125781026,NASDAQ
TFX,TELEFLEX INC,Equity,Health Care,2881407,US8793691069,New York Stock Exchange Inc.
DOCU,DOCUSIGN INC,Equity,Information Technology,BFYT7B7,US2561631068,NASDAQ
TRU,TRANSUNION,Equity,Industrials,BYMWL86,US89400J1079,New York Stock Exchange Inc.
AME,AMETEK INC,Equity,Industrials,2089212,US0311001004,New York Stock Exchange Inc.
INCY,INCYTE CORP,Equity,Health Care,2471950,US45337C1027,NASDAQ
YUMC,YUM CHINA HOLDINGS INC,Equity,Consumer Discretionary,BYW4289,US98850P1093,New York Stock Exchange Inc.
MKTX,MARKETAXESS HOLDINGS INC,Equity,Financials,B03Q9D0,US57060D1081,NASDAQ
OKTA,OKTA INC CLASS A,Equity,Information Technology,BDFZSP1,US6792951054,NASDAQ
VRSN,VERISIGN INC,Equity,Information Technology,2142922,US92343E1029,NASDAQ
ABC,AMERISOURCEBERGEN CORP,Equity,Health Care,2795393,US03073E1055,New York Stock Exchange Inc.
TWLO,TWILIO INC CLASS A,Equity,Information Technology,BD6P5Q0,US90138F1021,New York Stock Exchange Inc.
EFX,EQUIFAX INC,Equity,Industrials,2319146,US2944291051,New York Stock Exchange Inc.
VMC,VULCAN MATERIALS,Equity,Materials,2931205,US9291601097,New York Stock Exchange Inc.
WAT,WATER CORP,Equity,Health Care,2937689,US9418481035,New York Stock Exchange Inc.
XYL,XYLEM INC,Equity,Industrials,B3P2CN8,US98419M1009,New York Stock Exchange Inc.
ANET,ARISTA NETWORKS INC,Equity,Information Technology,BN33VM5,US0404131064,New York Stock Exchange Inc.
LUV,SOUTHWEST AIRLINES,Equity,Industrials,2831543,US8447411088,New York Stock Exchange Inc.
PAYC,PAYCOM SOFTWARE INC,Equity,Information Technology,BL95MY0,US70432V1026,New York Stock Exchange Inc.
TYL,TYLER TECHNOLOGIES INC,Equity,Information Technology,2909644,US9022521051,New York Stock Exchange Inc.
BURL,BURLINGTON STORES INC,Equity,Consumer Discretionary,BF311Y5,US1220171060,New York Stock Exchange Inc.
BR,BROADRIDGE FINANCIAL SOLUTIONS INC,Equity,Information Technology,B1VP7R6,US11133T1034,New York Stock Exchange Inc.
GWW,WW GRAINGER INC,Equity,Industrials,2380863,US3848021040,New York Stock Exchange Inc.
ZBRA,ZEBRA TECHNOLOGIES CORP CLASS A,Equity,Information Technology,2989356,US9892071054,NASDAQ
PODD,INSULET CORP,Equity,Health Care,B1XGNW4,US45784P1012,NASDAQ
XTSLA,BLK CSH FND TREASURY SL AGENCY,Money Market,Cash and/or Derivatives,-,US0669224778,-
MKC,MCCORMICK & CO NON-VOTING INC,Equity,Consumer Staples,2550161,US5797802064,New York Stock Exchange Inc.
ULTA,ULTA BEAUTY INC,Equity,Consumer Discretionary,B28TS42,US90384S3031,NASDAQ
JKHY,JACK HENRY AND ASSOCIATES INC,Equity,Information Technology,2469193,US4262811015,NASDAQ
GDDY,GODADDY INC CLASS A,Equity,Information Technology,BWFRFC6,US3802371076,New York Stock Exchange Inc.
DLTR,DOLLAR TREE INC,Equity,Consumer Discretionary,2272476,US2567461080,NASDAQ
TSCO,TRACTOR SUPPLY,Equity,Consumer Discretionary,2900335,US8923561067,NASDAQ
VAR,VARIAN MEDICAL SYSTEMS INC,Equity,Health Care,2927516,US92220P1057,New York Stock Exchange Inc.
NTAP,NETAPP INC,Equity,Information Technology,2630643,US64110D1046,NASDAQ
FDS,FACTSET RESEARCH SYSTEMS INC,Equity,Financials,2329770,US3030751057,New York Stock Exchange Inc.
ALNY,ALNYLAM PHARMACEUTICALS INC,Equity,Health Care,B00FWN1,US02043Q1076,NASDAQ
TER,TERADYNE INC,Equity,Information Technology,2884183,US8807701029,NASDAQ
EPAM,EPAM SYSTEMS INC,Equity,Information Technology,B44Z3T8,US29414B1044,New York Stock Exchange Inc.
VMW,VMWARE CLASS A INC,Equity,Information Technology,B23SN61,US9285634021,New York Stock Exchange Inc.
NVR,NVR INC,Equity,Consumer Discretionary,2637785,US62944T1051,New York Stock Exchange Inc.
ELS,EQUITY LIFESTYLE PROPERTIES REIT I,Equity,Real Estate,2563125,US29472R1086,New York Stock Exchange Inc.
BAH,BOOZ ALLEN HAMILTON HOLDING CORP C,Equity,Information Technology,B5367T7,US0995021062,New York Stock Exchange Inc.
IT,GARTNER INC,Equity,Information Technology,2372763,US3666511072,New York Stock Exchange Inc.
EXR,EXTRA SPACE STORAGE REIT INC,Equity,Real Estate,B02HWR9,US30225T1025,New York Stock Exchange Inc.
COUP,COUPA SOFTWARE INC,Equity,Information Technology,BD87XR1,US22266L1061,NASDAQ
SSNC,SS AND C TECHNOLOGIES HOLDINGS INC,Equity,Information Technology,B58YSC6,US78467J1007,NASDAQ
BFB,BROWN FORMAN CORP CLASS B,Equity,Consumer Staples,2146838,US1156372096,New York Stock Exchange Inc.
HAS,HASBRO INC,Equity,Consumer Discretionary,2414580,US4180561072,NASDAQ
FICO,FAIR ISAAC CORP,Equity,Information Technology,2330299,US3032501047,New York Stock Exchange Inc.
EXAS,EXACT SCIENCES CORP,Equity,Health Care,2719951,US30063P1057,NASDAQ
NBIX,NEUROCRINE BIOSCIENCES INC,Equity,Health Care,2623911,US64125C1099,NASDAQ
IQV,IQVIA HOLDINGS INC,Equity,Health Care,BDR73G1,US46266C1053,New York Stock Exchange Inc.
BKI,BLACK KNIGHT INC,Equity,Information Technology,BDG75V1,US09215C1053,New York Stock Exchange Inc.
TTD,TRADE DESK INC CLASS A,Equity,Information Technology,BD8FDD1,US88339J1051,NASDAQ
MASI,MASIMO CORP,Equity,Health Care,B1YWR63,US5747951003,NASDAQ
AMTD,TD AMERITRADE HOLDING CORP,Equity,Financials,2983154,US87236Y1082,NASDAQ
WST,WEST PHARMACEUTICAL SERVICES INC,Equity,Health Care,2950482,US9553061055,New York Stock Exchange Inc.
AVY,AVERY DENNISON CORP,Equity,Materials,2066408,US0536111091,New York Stock Exchange Inc.
EXPD,EXPEDITORS INTERNATIONAL OF WASHIN,Equity,Industrials,2325507,US3021301094,NASDAQ
LVS,LAS VEGAS SANDS CORP,Equity,Consumer Discretionary,B02T2J7,US5178341070,New York Stock Exchange Inc.
GGG,GRACO INC,Equity,Industrials,2380443,US3841091040,New York Stock Exchange Inc.
ROKU,ROKU INC CLASS A,Equity,Communication,BZ1LFG7,US77543R1023,NASDAQ
CGNX,COGNEX CORP,Equity,Information Technology,2208288,US1924221039,NASDAQ
IAC,IAC INTERACTIVE,Equity,Communication,B0F0F09,US44919P5089,NASDAQ
REGN,REGENERON PHARMACEUTICALS INC,Equity,Health Care,2730190,US75886F1075,NASDAQ
EXPE,EXPEDIA GROUP INC,Equity,Consumer Discretionary,B748CK2,US30212P3038,NASDAQ
ZEN,ZENDESK INC,Equity,Information Technology,BMH0MR7,US98936J1016,New York Stock Exchange Inc.
MPWR,MONOLITHIC POWER SYSTEMS INC,Equity,Information Technology,B01Z7J1,US6098391054,NASDAQ
DRI,DARDEN RESTAURANTS INC,Equity,Consumer Discretionary,2289874,US2371941053,New York Stock Exchange Inc.
ATUS,ALTICE USA INC CLASS A,Equity,Communication,BDRY7P9,US02156K1034,New York Stock Exchange Inc.
SIRI,SIRIUS XM HOLDINGS INC,Equity,Communication,BGLDK10,US82968B1035,NASDAQ
TECH,BIO TECHNE CORP,Equity,Health Care,BSHZ3Q0,US09073M1045,NASDAQ
HOLX,HOLOGIC INC,Equity,Health Care,2433530,US4364401012,NASDAQ
POOL,POOL CORP,Equity,Consumer Discretionary,2781585,US73278L1052,NASDAQ
GWRE,GUIDEWIRE SOFTWARE INC,Equity,Information Technology,B7JYSG3,US40171V1008,New York Stock Exchange Inc.
TTC,TORO,Equity,Industrials,2897040,US8910921084,New York Stock Exchange Inc.
NDSN,NORDSON CORP,Equity,Industrials,2641838,US6556631025,NASDAQ
PPG,PPG INDUSTRIES INC,Equity,Materials,2698470,US6935061076,New York Stock Exchange Inc.
SRPT,SAREPTA THERAPEUTICS INC,Equity,Health Care,B8DPDT7,US8036071004,NASDAQ
ALLE,ALLEGION PLC,Equity,Industrials,BFRT3W7,IE00BFRT3W74,New York Stock Exchange Inc.
CHRW,CH ROBINSON WORLDWIDE INC,Equity,Industrials,2116228,US12541W2098,NASDAQ
AZPN,ASPEN TECHNOLOGY INC,Equity,Information Technology,2051868,US0453271035,NASDAQ
TROW,T ROWE PRICE GROUP INC,Equity,Financials,2702337,US74144T1088,NASDAQ
ABMD,ABIOMED INC,Equity,Health Care,2003698,US0036541003,NASDAQ
CHE,CHEMED CORP,Equity,Health Care,2190084,US16359R1032,New York Stock Exchange Inc.
MOH,MOLINA HEALTHCARE INC,Equity,Health Care,2212706,US60855R1005,New York Stock Exchange Inc.
FFIV,F5 NETWORKS INC,Equity,Information Technology,2427599,US3156161024,NASDAQ
CABO,CABLE ONE INC,Equity,Communication,BZ07DS4,US12685J1051,New York Stock Exchange Inc.
ENTG,ENTEGRIS INC,Equity,Information Technology,2599700,US29362U1043,NASDAQ
OMC,OMNICOM GROUP INC,Equity,Communication,2279303,US6819191064,New York Stock Exchange Inc.
PTC,PTC INC,Equity,Information Technology,B95N910,US69370C1009,NASDAQ
LII,LENNOX INTERNATIONAL INC,Equity,Industrials,2442053,US5261071071,New York Stock Exchange Inc.
APD,AIR PRODUCTS AND CHEMICALS INC,Equity,Materials,2011602,US0091581068,New York Stock Exchange Inc.
CRL,CHARLES RIVER LABORATORIES INTERNA,Equity,Health Care,2604336,US1598641074,New York Stock Exchange Inc.
IONS,IONIS PHARMACEUTICALS INC,Equity,Health Care,BDJ0LS6,US4622221004,NASDAQ
HII,HUNTINGTON INGALLS INDUSTRIES INC,Equity,Industrials,B40SSC9,US4464131063,New York Stock Exchange Inc.
COLD,AMERICOLD REALTY TRUST,Equity,Real Estate,B3SKZK7,US03064D1081,New York Stock Exchange Inc.
CSL,CARLISLE COMPANIES INC,Equity,Industrials,2176318,US1423391002,New York Stock Exchange Inc.
LYV,LIVE NATION ENTERTAINMENT INC,Equity,Communication,B0T7YX2,US5380341090,New York Stock Exchange Inc.
HEIA,HEICO CORP CLASS A,Equity,Industrials,2237561,US4228062083,New York Stock Exchange Inc.
TTWO,TAKE TWO INTERACTIVE SOFTWARE INC,Equity,Communication,2122117,US8740541094,NASDAQ
WYNN,WYNN RESORTS LTD,Equity,Consumer Discretionary,2963811,US9831341071,NASDAQ
OLED,UNIVERSAL DISPLAY CORP,Equity,Information Technology,2277880,US91347P1057,NASDAQ
BFAM,BRIGHT HORIZONS FAMILY SOLUTIONS I,Equity,Consumer Discretionary,B7MJWP2,US1091941005,New York Stock Exchange Inc.
HUBS,HUBSPOT INC,Equity,Information Technology,BR4T3B3,US4435731009,New York Stock Exchange Inc.
ODFL,OLD DOMINION FREIGHT LINE INC,Equity,Industrials,2656423,US6795801009,NASDAQ
WBC,WABCO HOLDINGS INC,Equity,Industrials,B23CNQ3,US92927K1025,New York Stock Exchange Inc.
MRNA,MODERNA INC,Equity,Health Care,BGSXTS3,US60770K1079,NASDAQ
PFPT,PROOFPOINT INC,Equity,Information Technology,B6VDQC3,US7434241037,NASDAQ
MDB,MONGODB INC CLASS A,Equity,Information Technology,BF2FJ99,US60937P1066,NASDAQ
G,GENPACT LTD,Equity,Information Technology,B23DBK6,BMG3922B1072,New York Stock Exchange Inc.
K,KELLOGG,Equity,Consumer Staples,2486813,US4878361082,New York Stock Exchange Inc.
MTN,VAIL RESORTS INC,Equity,Consumer Discretionary,2954194,US91879Q1094,New York Stock Exchange Inc.
PXD,PIONEER NATURAL RESOURCE,Equity,Energy,2690830,US7237871071,New York Stock Exchange Inc.
DOV,DOVER CORP,Equity,Industrials,2278407,US2600031080,New York Stock Exchange Inc.
GLW,CORNING INC,Equity,Information Technology,2224701,US2193501051,New York Stock Exchange Inc.
URI,UNITED RENTALS INC,Equity,Industrials,2134781,US9113631090,New York Stock Exchange Inc.
NSC,NORFOLK SOUTHERN CORP,Equity,Industrials,2641894,US6558441084,New York Stock Exchange Inc.
WEX,WEX INC,Equity,Information Technology,B8383P2,US96208T1043,New York Stock Exchange Inc.
CBRE,CBRE GROUP INC CLASS A,Equity,Real Estate,B6WVMH3,US12504L1098,New York Stock Exchange Inc.
MXIM,MAXIM INTEGRATED PRODUCTS INC,Equity,Information Technology,2573760,US57772K1016,NASDAQ
PRAH,PRA HEALTH SCIENCES INC,Equity,Health Care,BSHZ3V5,US69354M1080,NASDAQ
RHI,ROBERT HALF,Equity,Industrials,2110703,US7703231032,New York Stock Exchange Inc.
JAZZ,JAZZ PHARMACEUTICALS PLC,Equity,Health Care,B4Q5ZN4,IE00B4Q5ZN47,NASDAQ
DCI,DONALDSON INC,Equity,Industrials,2276467,US2576511099,New York Stock Exchange Inc.
PEN,PENUMBRA INC,Equity,Health Care,BZ0V201,US70975L1070,New York Stock Exchange Inc.
MCHP,MICROCHIP TECHNOLOGY INC,Equity,Information Technology,2592174,US5950171042,NASDAQ
BDX,BECTON DICKINSON,Equity,Health Care,2087807,US0758871091,New York Stock Exchange Inc.
LEN,LENNAR A CORP,Equity,Consumer Discretionary,2511920,US5260571048,New York Stock Exchange Inc.
ETSY,ETSY INC,Equity,Consumer Discretionary,BWTN5N1,US29786A1060,NASDAQ
ROP,ROPER TECHNOLOGIES INC,Equity,Industrials,2749602,US7766961061,New York Stock Exchange Inc.
EEFT,EURONET WORLDWIDE INC,Equity,Information Technology,2320148,US2987361092,NASDAQ
ROL,ROLLINS INC,Equity,Industrials,2747305,US7757111049,New York Stock Exchange Inc.
KMX,CARMAX INC,Equity,Consumer Discretionary,2983563,US1431301027,New York Stock Exchange Inc.
LNG,CHENIERE ENERGY INC,Equity,Energy,2654364,US16411R2085,Nyse Mkt Llc
IR,INGERSOLL RAND INC,Equity,Industrials,BL5GZ82,US45687V1061,New York Stock Exchange Inc.
CAT,CATERPILLAR INC,Equity,Industrials,2180201,US1491231015,New York Stock Exchange Inc.
LPLA,LPL FINANCIAL HOLDINGS INC,Equity,Financials,B75JX34,US50212V1008,NASDAQ
IEX,IDEX CORP,Equity,Industrials,2456612,US45167R1041,New York Stock Exchange Inc.
DELL,DELL TECHNOLOGIES INC CLASS C,Equity,Information Technology,BHKD3S6,US24703L2025,New York Stock Exchange Inc.
AYX,ALTERYX INC CLASS A,Equity,Information Technology,BYWMQJ2,US02156B1035,New York Stock Exchange Inc.
ADI,ANALOG DEVICES INC,Equity,Information Technology,2032067,US0326541051,NASDAQ
DFS,DISCOVER FINANCIAL SERVICES,Equity,Financials,B1YLC43,US2547091080,New York Stock Exchange Inc.
DHR,DANAHER CORP,Equity,Health Care,2250870,US2358511028,New York Stock Exchange Inc.
LAMR,LAMAR ADVERTISING COMPANY CLAS,Equity,Real Estate,BSPHGN6,US5128161099,NASDAQ
FIVE,FIVE BELOW INC,Equity,Consumer Discretionary,B85KFY9,US33829M1018,NASDAQ
DE,DEERE,Equity,Industrials,2261203,US2441991054,New York Stock Exchange Inc.
PLNT,PLANET FITNESS INC CLASS A,Equity,Consumer Discretionary,BYSFJV8,US72703H1014,New York Stock Exchange Inc.
CCK,CROWN HOLDINGS INC,Equity,Materials,2427986,US2283681060,New York Stock Exchange Inc.
COG,CABOT OIL & GAS CORP,Equity,Energy,2162340,US1270971039,New York Stock Exchange Inc.
DNKN,DUNKIN BRANDS GROUP INC,Equity,Consumer Discretionary,B3LHT03,US2655041000,NASDAQ
CDK,CDK GLOBAL INC,Equity,Information Technology,BQXTWQ5,US12508E1010,NASDAQ
ZS,ZSCALER INC,Equity,Information Technology,BZ00V34,US98980G1022,NASDAQ
RP,REALPAGE INC,Equity,Information Technology,B4W2S29,US75606N1090,NASDAQ
VIAC,VIACOMCBS INC CLASS B,Equity,Communication,BKTNTR9,US92556H2067,NASDAQ
CPB,CAMPBELL SOUP,Equity,Consumer Staples,2162845,US1344291091,New York Stock Exchange Inc.
LECO,LINCOLN ELECTRIC HOLDINGS INC,Equity,Industrials,2516851,US5339001068,NASDAQ
BRKR,BRUKER CORP,Equity,Health Care,2616137,US1167941087,NASDAQ
SMG,SCOTTS MIRACLE GRO,Equity,Materials,2781518,US8101861065,New York Stock Exchange Inc.
SMAR,SMARTSHEET INC CLASS A,Equity,Information Technology,BFZND98,US83200N1037,New York Stock Exchange Inc.
AWI,ARMSTRONG WORLD INDUSTRIES INC,Equity,Industrials,B1FT462,US04247X1028,New York Stock Exchange Inc.
TRV,TRAVELERS COMPANIES INC,Equity,Financials,2769503,US89417E1091,New York Stock Exchange Inc.
DBX,DROPBOX INC CLASS A,Equity,Information Technology,BG0T321,US26210C1045,NASDAQ
CDAY,CERIDIAN HCM HOLDING INC,Equity,Information Technology,BFX1V56,US15677J1088,New York Stock Exchange Inc.
IAA,IAA INC,Equity,Industrials,BJF8Q81,US4492531037,New York Stock Exchange Inc.
HEI,HEICO CORP,Equity,Industrials,2419217,US4228061093,New York Stock Exchange Inc.
ALSN,ALLISON TRANSMISSION HOLDINGS INC,Equity,Industrials,B4PZ892,US01973R1014,New York Stock Exchange Inc.
DAL,DELTA AIR LINES INC,Equity,Industrials,B1W9D46,US2473617023,New York Stock Exchange Inc.
MLM,MARTIN MARIETTA MATERIALS INC,Equity,Materials,2572079,US5732841060,New York Stock Exchange Inc.
AVLR,AVALARA INC,Equity,Information Technology,BZ1NVP4,US05338G1067,New York Stock Exchange Inc.
GRUB,GRUBHUB INC,Equity,Consumer Discretionary,BKY7XF2,US4001101025,New York Stock Exchange Inc.
W,WAYFAIR INC CLASS A,Equity,Consumer Discretionary,BQXZP64,US94419L1017,New York Stock Exchange Inc.
LSTR,LANDSTAR SYSTEM INC,Equity,Industrials,2503994,US5150981018,NASDAQ
HRC,HILL ROM HOLDINGS INC,Equity,Health Care,2425924,US4314751029,New York Stock Exchange Inc.
MTCH,MATCH GROUP INC,Equity,Communication,BYT5JW8,US57665R1068,NASDAQ
PCTY,PAYLOCITY HOLDING CORP,Equity,Information Technology,BKM4N88,US70438V1061,NASDAQ
HXL,HEXCEL CORP,Equity,Industrials,2416779,US4282911084,New York Stock Exchange Inc.
MANH,MANHATTAN ASSOCIATES INC,Equity,Information Technology,2239471,US5627501092,NASDAQ
SPR,SPIRIT AEROSYSTEMS INC CLASS A,Equity,Industrials,B1HMMS7,US8485741099,New York Stock Exchange Inc.
BWXT,BWX TECHNOLOGIES INC,Equity,Industrials,BZ0W624,US05605H1005,New York Stock Exchange Inc.
FTV,FORTIVE CORP,Equity,Industrials,BYT3MK1,US34959J1088,New York Stock Exchange Inc.
HUBB,HUBBELL INC,Equity,Industrials,BDFG6S3,US4435106079,New York Stock Exchange Inc.
PSTG,PURE STORAGE INC CLASS A,Equity,Information Technology,BYZ62T3,US74624M1027,New York Stock Exchange Inc.
MIDD,MIDDLEBY CORP,Equity,Industrials,2590930,US5962781010,NASDAQ
OKE,ONEOK INC,Equity,Energy,2130109,US6826801036,New York Stock Exchange Inc.
SYF,SYNCHRONY FINANCIAL,Equity,Financials,BP96PS6,US87165B1035,New York Stock Exchange Inc.
NTNX,NUTANIX INC CLASS A,Equity,Information Technology,BYQBFT8,US67059N1081,NASDAQ
AJG,ARTHUR J GALLAGHER,Equity,Financials,2359506,US3635761097,New York Stock Exchange Inc.
PLAN,ANAPLAN INC,Equity,Information Technology,BD9PLW5,US03272L1089,New York Stock Exchange Inc.
WWD,WOODWARD INC,Equity,Industrials,2948089,US9807451037,NASDAQ
ESTC,ELASTIC NV,Equity,Information Technology,BFXCLC6,NL0013056914,New York Stock Exchange Inc.
XPO,XPO LOGISTICS INC,Equity,Industrials,B6Z1355,US9837931008,New York Stock Exchange Inc.
COR,CORESITE REALTY REIT CORP,Equity,Real Estate,B3T3VV8,US21870Q1058,New York Stock Exchange Inc.
BBY,BEST BUY INC,Equity,Consumer Discretionary,2094670,US0865161014,New York Stock Exchange Inc.
MSFUT,CASH COLLATERAL MSFUT USD,Cash Collateral and Margins,Cash and/or Derivatives,-,-,-
EHC,ENCOMPASS HEALTH CORP,Equity,Health Care,BYX2YJ7,US29261A1007,New York Stock Exchange Inc.
UBER,UBER TECHNOLOGIES INC,Equity,Industrials,BK6N347,US90353T1007,New York Stock Exchange Inc.
PEGA,PEGASYSTEMS INC,Equity,Information Technology,2675860,US7055731035,NASDAQ
SEIC,SEI INVESTMENTS,Equity,Financials,2793610,US7841171033,NASDAQ
DT,DYNATRACE INC,Equity,Information Technology,BJV2RD9,US2681501092,New York Stock Exchange Inc.
CACC,CREDIT ACCEPTANCE CORP,Equity,Financials,2232050,US2253101016,NASDAQ
AVTR,AVANTOR INC,Equity,Health Care,BJLT387,US05352A1007,New York Stock Exchange Inc.
PRI,PRIMERICA INC,Equity,Financials,B50K3X8,US74164M1080,New York Stock Exchange Inc.
ERIE,ERIE INDEMNITY CLASS A,Equity,Financials,2311711,US29530P1021,NASDAQ
PII,POLARIS INDUSTRIES INC,Equity,Consumer Discretionary,2692933,US7310681025,New York Stock Exchange Inc.
GH,GUARDANT HEALTH INC,Equity,Health Care,BFXC911,US40131M1099,NASDAQ
MCK,MCKESSON CORP,Equity,Health Care,2378534,US58155Q1031,New York Stock Exchange Inc.
EMR,EMERSON ELECTRIC,Equity,Industrials,2313405,US2910111044,New York Stock Exchange Inc.
TGT,TARGET CORP,Equity,Consumer Discretionary,2259101,US87612E1064,New York Stock Exchange Inc.
ATR,APTARGROUP INC,Equity,Materials,2045247,US0383361039,New York Stock Exchange Inc.
NCR,NCR CORP,Equity,Information Technology,2632650,US62886E1082,New York Stock Exchange Inc.
WAB,WESTINGHOUSE AIR BRAKE TECHNOLOGIE,Equity,Industrials,2955733,US9297401088,New York Stock Exchange Inc.
SBNY,SIGNATURE BANK,Equity,Financials,B00JQL9,US82669G1040,NASDAQ
FND,FLOOR DECOR HOLDINGS INC CLASS A,Equity,Consumer Discretionary,BYQHP96,US3397501012,New York Stock Exchange Inc.
HBI,HANESBRANDS INC,Equity,Consumer Discretionary,B1BJSL9,US4103451021,New York Stock Exchange Inc.
WEN,WENDYS,Equity,Consumer Discretionary,B3NXMJ9,US95058W1009,NASDAQ
RNR,RENAISSANCERE HOLDING LTD,Equity,Financials,2728429,BMG7496G1033,New York Stock Exchange Inc.
CBOE,CBOE GLOBAL MARKETS INC,Equity,Financials,B5834C5,US12503M1080,Cboe BZX formerly known as BATS
FRC,FIRST REPUBLIC BANK,Equity,Financials,B4WHY15,US33616C1009,New York Stock Exchange Inc.
JBHT,JB HUNT TRANSPORT SERVICES INC,Equity,Industrials,2445416,US4456581077,NASDAQ
AMH,AMERICAN HOMES RENT REIT CLASS A,Equity,Real Estate,BCF5RR9,US02665T3068,New York Stock Exchange Inc.
SUI,SUN COMMUNITIES REIT INC,Equity,Real Estate,2860257,US8666741041,New York Stock Exchange Inc.
CVNA,CARVANA CLASS A,Equity,Consumer Discretionary,BYQHPG3,US1468691027,New York Stock Exchange Inc.
NEU,NEWMARKET CORP,Equity,Materials,B01CGF1,US6515871076,New York Stock Exchange Inc.
NEWR,NEW RELIC INC,Equity,Information Technology,BT6T3N7,US64829B1008,New York Stock Exchange Inc.
ATVI,ACTIVISION BLIZZARD INC,Equity,Communication,2575818,US00507V1098,NASDAQ
TDC,TERADATA CORP,Equity,Information Technology,B247H10,US88076W1036,New York Stock Exchange Inc.
RE,EVEREST RE GROUP LTD,Equity,Financials,2556868,BMG3223R1088,New York Stock Exchange Inc.
SCI,SERVICE,Equity,Consumer Discretionary,2797560,US8175651046,New York Stock Exchange Inc.
POST,POST HOLDINGS INC,Equity,Consumer Staples,B6T0518,US7374461041,New York Stock Exchange Inc.
BFA,BROWN FORMAN CORP CLASS A,Equity,Consumer Staples,2146816,US1156371007,New York Stock Exchange Inc.
FEYE,FIREEYE INC,Equity,Information Technology,BD4R405,US31816Q1013,NASDAQ
MORN,MORNINGSTAR INC,Equity,Financials,B081VR8,US6177001095,NASDAQ
NXST,NEXSTAR MEDIA GROUP INC CLASS A,Equity,Communication,2949758,US65336K1034,NASDAQ
GD,GENERAL DYNAMICS CORP,Equity,Industrials,2365161,US3695501086,New York Stock Exchange Inc.
TPX,TEMPUR SEALY INTERNATIONAL INC,Equity,Consumer Discretionary,2216991,US88023U1016,New York Stock Exchange Inc.
ST,SENSATA TECHNOLOGIES HOLDING PLC,Equity,Industrials,BFMBMT8,GB00BFMBMT84,New York Stock Exchange Inc.
A,AGILENT TECHNOLOGIES INC,Equity,Health Care,2520153,US00846U1016,New York Stock Exchange Inc.
LW,LAMB WESTON HOLDINGS INC,Equity,Consumer Staples,BDQZFJ3,US5132721045,New York Stock Exchange Inc.
OLLI,OLLIES BARGAIN OUTLET HOLDINGS INC,Equity,Consumer Discretionary,BZ22B38,US6811161099,NASDAQ
CTSH,COGNIZANT TECHNOLOGY SOLUTIONS COR,Equity,Information Technology,2257019,US1924461023,NASDAQ
GRA,WR GRACE,Equity,Materials,2232685,US38388F1084,New York Stock Exchange Inc.
MAT,MATTEL INC,Equity,Consumer Discretionary,2572303,US5770811025,NASDAQ
EXEL,EXELIXIS INC,Equity,Health Care,2576941,US30161Q1040,NASDAQ
AMP,AMERIPRISE FINANCE INC,Equity,Financials,B0J7D57,US03076C1062,New York Stock Exchange Inc.
RJF,RAYMOND JAMES INC,Equity,Financials,2718992,US7547301090,New York Stock Exchange Inc.
WU,WESTERN UNION,Equity,Information Technology,B1F76F9,US9598021098,New York Stock Exchange Inc.
FBHS,FORTUNE BRANDS HOME AND SECURITY I,Equity,Industrials,B3MC7D6,US34964C1062,New York Stock Exchange Inc.
EXP,EAGLE MATERIALS INC,Equity,Materials,2191399,US26969P1084,New York Stock Exchange Inc.
JWN,NORDSTROM INC,Equity,Consumer Discretionary,2641827,US6556641008,New York Stock Exchange Inc.
PKI,PERKINELMER INC,Equity,Health Care,2305844,US7140461093,New York Stock Exchange Inc.
RGLD,ROYAL GOLD INC,Equity,Materials,2755706,US7802871084,NASDAQ
COO,COOPER INC,Equity,Health Care,2222631,US2166484020,New York Stock Exchange Inc.
UAL,UNITED AIRLINES HOLDINGS INC,Equity,Industrials,B4QG225,US9100471096,NASDAQ
TRIP,TRIPADVISOR INC,Equity,Communication,B6ZC3N6,US8969452015,NASDAQ
BERY,BERRY GLOBAL GROUP INC,Equity,Materials,B8BR3H3,US08579W1036,New York Stock Exchange Inc.
ALK,ALASKA AIR GROUP INC,Equity,Industrials,2012605,US0116591092,New York Stock Exchange Inc.
SCCO,SOUTHERN COPPER CORP,Equity,Materials,2823777,US84265V1052,New York Stock Exchange Inc.
AAP,ADVANCE AUTO PARTS INC,Equity,Consumer Discretionary,2822019,US00751Y1064,New York Stock Exchange Inc.
NVST,ENVISTA HOLDINGS CORP,Equity,Health Care,BK63SF3,US29415F1049,New York Stock Exchange Inc.
TREE,LENDINGTREE INC,Equity,Financials,BV8TD84,US52603B1070,NASDAQ
ATH,ATHENE HOLDING LTD CLASS A,Equity,Financials,BZ13MZ1,BMG0684D1074,New York Stock Exchange Inc.
ACGL,ARCH CAPITAL GROUP LTD,Equity,Financials,2740542,BMG0450A1053,NASDAQ
WWE,WORLD WRESTLING ENTERTAINMENT INC,Equity,Communication,2503529,US98156Q1085,New York Stock Exchange Inc.
CRI,CARTERS INC,Equity,Consumer Discretionary,2980939,US1462291097,New York Stock Exchange Inc.
SAGE,SAGE THERAPEUTICS INC,Equity,Health Care,BP4GNK9,US78667J1088,NASDAQ
KAR,KAR AUCTION SERVICES INC,Equity,Industrials,B4Y1MH7,US48238T1097,New York Stock Exchange Inc.
ETFC,E TRADE FINANCIAL CORP,Equity,Financials,2299011,US2692464017,NASDAQ
COLM,COLUMBIA SPORTSWEAR,Equity,Consumer Discretionary,2229126,US1985161066,NASDAQ
UI,UBIQUITI INC,Equity,Information Technology,BK9Z6V8,US90353W1036,New York Stock Exchange Inc.
CASY,CASEYS GENERAL STORES INC,Equity,Consumer Staples,2179414,US1475281036,NASDAQ
RPM,RPM INTERNATIONAL INC,Equity,Materials,2756174,US7496851038,New York Stock Exchange Inc.
ZNGA,ZYNGA INC CLASS A,Equity,Communication,B79PX49,US98986T1088,NASDAQ
SKX,SKECHERS USA INC CLASS A,Equity,Consumer Discretionary,2428042,US8305661055,New York Stock Exchange Inc.
MDLA,MEDALLIA INC,Equity,Information Technology,BJDX8X7,US5840211099,New York Stock Exchange Inc.
ADPT,ADAPTIVE BIOTECHNOLOGIES CORP,Equity,Health Care,BJ5FZ74,US00650F1093,NASDAQ
TRMB,TRIMBLE INC,Equity,Information Technology,2903958,US8962391004,NASDAQ
HPQ,HP INC,Equity,Information Technology,BYX4D52,US40434L1052,New York Stock Exchange Inc.
SBGI,SINCLAIR BROADCAST GROUP INC CLASS,Equity,Communication,2799351,US8292261091,NASDAQ
UAA,UNDER ARMOUR INC CLASS A,Equity,Consumer Discretionary,B0PZN11,US9043111072,New York Stock Exchange Inc.
AMCX,AMC NETWORKS CLASS A INC,Equity,Communication,B4MG4Z6,US00164V1035,NASDAQ
ICUI,ICU MEDICAL INC,Equity,Health Care,2451918,US44930G1076,NASDAQ
RSG,REPUBLIC SERVICES INC,Equity,Industrials,2262530,US7607591002,New York Stock Exchange Inc.
AXTA,AXALTA COATING SYSTEMS LTD,Equity,Materials,BSFWCF5,BMG0750C1082,New York Stock Exchange Inc.
UA,UNDER ARMOUR INC CLASS C,Equity,Consumer Discretionary,BDF9YM2,US9043112062,New York Stock Exchange Inc.
MKL,MARKEL CORP,Equity,Financials,2566436,US5705351048,New York Stock Exchange Inc.
SFM,SPROUTS FARMERS MARKET INC,Equity,Consumer Staples,BCGCR79,US85208M1027,NASDAQ
HSIC,HENRY SCHEIN INC,Equity,Health Care,2416962,US8064071025,NASDAQ
NYT,NEW YORK TIMES CLASS A,Equity,Communication,2632003,US6501111073,New York Stock Exchange Inc.
PWR,QUANTA SERVICES INC,Equity,Industrials,2150204,US74762E1029,New York Stock Exchange Inc.
LAZ,LAZARD LTD CLASS A,Equity,Financials,B081VQ7,BMG540501027,New York Stock Exchange Inc.
PE,PARSLEY ENERGY INC CLASS A,Equity,Energy,BMMV736,US7018771029,New York Stock Exchange Inc.
LKQ,LKQ CORP,Equity,Consumer Discretionary,2971029,US5018892084,NASDAQ
CHNG,CHANGE HEALTHCARE INC,Equity,Health Care,BK5CVS5,US15912K1007,NASDAQ
CHH,CHOICE HOTELS INTERNATIONAL INC,Equity,Consumer Discretionary,2106780,US1699051066,New York Stock Exchange Inc.
WH,WYNDHAM HOTELS RESORTS INC,Equity,Consumer Discretionary,BF108P4,US98311A1051,New York Stock Exchange Inc.
FANG,DIAMONDBACK ENERGY INC,Equity,Energy,B7Y8YR3,US25278X1090,NASDAQ
FOXA,FOX CORP CLASS A,Equity,Communication,BJJMGL2,US35137L1052,NASDAQ
SWKS,SKYWORKS SOLUTIONS INC,Equity,Information Technology,2961053,US83088M1027,NASDAQ
AYI,ACUITY BRANDS INC,Equity,Industrials,2818461,US00508Y1029,New York Stock Exchange Inc.
IBKR,INTERACTIVE BROKERS GROUP INC CLAS,Equity,Financials,B1WT4X2,US45841N1072,NASDAQ
APTV,APTIV PLC,Equity,Consumer Discretionary,B783TY6,JE00B783TY65,New York Stock Exchange Inc.
KMPR,KEMPER CORP,Equity,Financials,B52KRV2,US4884011002,New York Stock Exchange Inc.
AOS,A O SMITH CORP,Equity,Industrials,2816023,US8318652091,New York Stock Exchange Inc.
Y,ALLEGHANY CORP,Equity,Financials,2016801,US0171751003,New York Stock Exchange Inc.
JBL,JABIL INC,Equity,Information Technology,2471789,US4663131039,New York Stock Exchange Inc.
SWCH,SWITCH INC CLASS A,Equity,Information Technology,BF2YWK8,US87105L1044,New York Stock Exchange Inc.
PPD,PPD INC,Equity,Health Care,BL9BT47,US69355F1021,NASDAQ
IRM,IRON MOUNTAIN INC,Equity,Real Estate,BVFTF03,US46284V1017,New York Stock Exchange Inc.
LH,LABORATORY CORPORATION OF AMERICA,Equity,Health Care,2586122,US50540R4092,New York Stock Exchange Inc.
PD,PAGERDUTY INC,Equity,Information Technology,BJ7JPH4,US69553P1003,New York Stock Exchange Inc.
ESI,ELEMENT SOLUTIONS INC,Equity,Materials,BJ1C2K1,US28618M1062,New York Stock Exchange Inc.
EVR,EVERCORE INC CLASS A,Equity,Financials,B1BHXZ2,US29977A1051,New York Stock Exchange Inc.
PS,PLURALSIGHT INC CLASS A,Equity,Information Technology,BFZCT75,US72941B1061,NASDAQ
AAL,AMERICAN AIRLINES GROUP INC,Equity,Industrials,BCV7KT2,US02376R1023,NASDAQ
NCLH,NORWEGIAN CRUISE LINE HOLDINGS LTD,Equity,Consumer Discretionary,B9CGTC3,BMG667211046,New York Stock Exchange Inc.
SIVB,SVB FINANCIAL GROUP,Equity,Financials,2808053,US78486Q1013,NASDAQ
LYFT,LYFT INC CLASS A,Equity,Industrials,BJT1RW7,US55087P1049,NASDAQ
CMD,CANTEL MEDICAL CORP,Equity,Health Care,2188153,US1380981084,New York Stock Exchange Inc.
WSM,WILLIAMS SONOMA INC,Equity,Consumer Discretionary,2967589,US9699041011,New York Stock Exchange Inc.
STE,STERIS,Equity,Health Care,BFY8C75,IE00BFY8C754,New York Stock Exchange Inc.
CPRI,CAPRI HOLDINGS LTD,Equity,Consumer Discretionary,BJ1N1M9,VGG1890L1076,New York Stock Exchange Inc.
BPYU,BROOKFIELD PROPERTY REIT INC CLASS,Equity,Real Estate,BGHFKV0,US11282X1037,NASDAQ
FLS,FLOWSERVE CORP,Equity,Industrials,2288406,US34354P1057,New York Stock Exchange Inc.
NLSN,NIELSEN HOLDINGS PLC,Equity,Industrials,BWFY550,GB00BWFY5505,New York Stock Exchange Inc.
CF,CF INDUSTRIES HOLDINGS INC,Equity,Materials,B0G4K50,US1252691001,New York Stock Exchange Inc.
HZNP,HORIZON THERAPEUTICS PUBLIC PLC,Equity,Health Care,BQPVQZ6,IE00BQPVQZ61,NASDAQ
HHC,HOWARD HUGHES CORP,Equity,Real Estate,B5VR4H9,US44267D1072,New York Stock Exchange Inc.
JLL,JONES LANG LASALLE INC,Equity,Real Estate,2040640,US48020Q1076,New York Stock Exchange Inc.
IPG,INTERPUBLIC GROUP OF COMPANIES INC,Equity,Communication,2466321,US4606901001,New York Stock Exchange Inc.
MGM,MGM RESORTS INTERNATIONAL,Equity,Consumer Discretionary,2547419,US5529531015,New York Stock Exchange Inc.
VIRT,VIRTU FINANCIAL INC CLASS A,Equity,Financials,BWTVWD4,US9282541013,NASDAQ
UDR,UDR REIT INC,Equity,Real Estate,2727910,US9026531049,New York Stock Exchange Inc.
REYN,REYNOLDS CONSUMER PRODUCTS INC,Equity,Consumer Staples,BKV9674,US76171L1061,NASDAQ
HRB,H&R BLOCK INC,Equity,Consumer Discretionary,2105505,US0936711052,New York Stock Exchange Inc.
PB,PROSPERITY BANCSHARES INC,Equity,Financials,2310257,US7436061052,New York Stock Exchange Inc.
HLF,HERBALIFE NUTRITION LTD,Equity,Consumer Staples,B0539H3,KYG4412G1010,New York Stock Exchange Inc.
BRO,BROWN & BROWN INC,Equity,Financials,2692687,US1152361010,New York Stock Exchange Inc.
DLB,DOLBY LABORATORIES INC CLASS A,Equity,Information Technology,B04NJM9,US25659T1079,New York Stock Exchange Inc.
SERV,SERVICEMASTER GLOBAL HOLDINGS INC,Equity,Consumer Discretionary,BNG8BF0,US81761R1095,New York Stock Exchange Inc.
TWOU,2U INC,Equity,Information Technology,BKWBZZ0,US90214J1016,NASDAQ
NKTR,NEKTAR THERAPEUTICS,Equity,Health Care,2454445,US6402681083,NASDAQ
WAL,WESTERN ALLIANCE,Equity,Financials,B0CCGJ4,US9576381092,New York Stock Exchange Inc.
MSG,MADISON SQUARE GARDEN CLASS A,Equity,Communication,BYQCZ35,US55825T1034,New York Stock Exchange Inc.
AXS,AXIS CAPITAL HOLDINGS LTD,Equity,Financials,2677606,BMG0692U1099,New York Stock Exchange Inc.
FLIR,FLIR SYSTEMS INC,Equity,Information Technology,2344717,US3024451011,NASDAQ
LB,L BRANDS INC,Equity,Consumer Discretionary,B9M2WX3,US5017971046,New York Stock Exchange Inc.
FOX,FOX CORP CLASS B,Equity,Communication,BJJMGY5,US35137L2043,NASDAQ
SEE,SEALED AIR CORP,Equity,Materials,2232793,US81211K1007,New York Stock Exchange Inc.
JBLU,JETBLUE AIRWAYS CORP,Equity,Industrials,2852760,US4771431016,NASDAQ
CMA,COMERICA INC,Equity,Financials,2212870,US2003401070,New York Stock Exchange Inc.
THS,TREEHOUSE FOODS INC,Equity,Consumer Staples,B095X84,US89469A1043,New York Stock Exchange Inc.
PPC,PILGRIMS PRIDE CORP,Equity,Consumer Staples,B5L3PZ2,US72147K1088,NASDAQ
VOYA,VOYA FINANCIAL INC,Equity,Financials,BKWQ2N2,US9290891004,New York Stock Exchange Inc.
BILL,BILL COM HOLDINGS INC,Equity,Information Technology,BKDS4H5,US0900431000,New York Stock Exchange Inc.
SNV,SYNOVUS FINANCIAL CORP,Equity,Financials,BMH4NJ8,US87161C5013,New York Stock Exchange Inc.
CREE,CREE INC,Equity,Information Technology,2232351,US2254471012,NASDAQ
SABR,SABRE CORP,Equity,Information Technology,BLLHH27,US78573M1045,NASDAQ
IPGP,IPG PHOTONICS CORP,Equity,Information Technology,2698782,US44980X1090,NASDAQ
LOPE,GRAND CANYON EDUCATION INC,Equity,Consumer Discretionary,B3F1XM1,US38526M1062,NASDAQ
GO,GROCERY OUTLET HOLDING CORP,Equity,Consumer Staples,BK1KWF7,US39874R1014,NASDAQ
NATI,NATIONAL INSTRUMENTS CORP,Equity,Information Technology,2645078,US6365181022,NASDAQ
VIACA,VIACOMCBS INC CLASS A,Equity,Communication,BKTNTP7,US92556H1077,NASDAQ
SWI,SOLARWINDS CORP,Equity,Information Technology,BG1VY34,US83417Q1058,New York Stock Exchange Inc.
AL,AIR LEASE CORP CLASS A,Equity,Industrials,B3XS562,US00912X3026,New York Stock Exchange Inc.
AGIO,AGIOS PHARMACEUTICALS INC,Equity,Health Care,BCBVTX1,US00847X1046,NASDAQ
HGV,HILTON GRAND VACATIONS INC,Equity,Consumer Discretionary,BYSLHX4,US43283X1054,New York Stock Exchange Inc.
OUT,OUTFRONT MEDIA INC,Equity,Real Estate,BSP6611,US69007J1060,New York Stock Exchange Inc.
ADS,ALLIANCE DATA SYSTEMS CORP,Equity,Information Technology,2762030,US0185811082,New York Stock Exchange Inc.
CIT,CIT GROUP INC,Equity,Financials,B4Z73G0,US1255818015,New York Stock Exchange Inc.
ETRN,EQUITRANS MIDSTREAM CORP,Equity,Energy,BFMWBV6,US2946001011,New York Stock Exchange Inc.
CLNY,COLONY CAPITAL INC CLASS A,Equity,Real Estate,BG5QFV0,US19626G1085,New York Stock Exchange Inc.
CLGX,CORELOGIC INC,Equity,Information Technology,B5541Y2,US21871D1037,New York Stock Exchange Inc.
LENB,LENNAR CORP CLASS B,Equity,Consumer Discretionary,2578293,US5260573028,New York Stock Exchange Inc.
SIX,SIX FLAGS ENTERTAINMENT CORP,Equity,Consumer Discretionary,B43VKB8,US83001A1025,New York Stock Exchange Inc.
BRKB,BERKSHIRE HATHAWAY INC CLASS B,Equity,Financials,2073390,US0846707026,New York Stock Exchange Inc.
JPM,JPMORGAN CHASE & CO,Equity,Financials,2190385,US46625H1005,New York Stock Exchange Inc.
INTC,INTEL CORPORATION CORP,Equity,Information Technology,2463247,US4581401001,NASDAQ
T,AT&T INC,Equity,Communication,2831811,US00206R1023,New York Stock Exchange Inc.
VZ,VERIZON COMMUNICATIONS INC,Equity,Communication,2090571,US92343V1044,New York Stock Exchange Inc.
DIS,WALT DISNEY,Equity,Communication,2270726,US2546871060,New York Stock Exchange Inc.
BAC,BANK OF AMERICA CORP,Equity,Financials,2295677,US0605051046,New York Stock Exchange Inc.
PFE,PFIZER INC,Equity,Health Care,2684703,US7170811035,New York Stock Exchange Inc.
XOM,EXXON MOBIL CORP,Equity,Energy,2326618,US30231G1022,New York Stock Exchange Inc.
WMT,WALMART INC,Equity,Consumer Staples,2936921,US9311421039,New York Stock Exchange Inc.
CVX,CHEVRON CORP,Equity,Energy,2838555,US1667641005,New York Stock Exchange Inc.
MDT,MEDTRONIC PLC,Equity,Health Care,BTN1Y11,IE00BTN1Y115,New York Stock Exchange Inc.
WFC,WELLS FARGO,Equity,Financials,2649100,US9497461015,New York Stock Exchange Inc.
NEE,NEXTERA ENERGY INC,Equity,Utilities,2328915,US65339F1012,New York Stock Exchange Inc.
PM,PHILIP MORRIS INTERNATIONAL INC,Equity,Consumer Staples,B2PKRQ3,US7181721090,New York Stock Exchange Inc.
C,CITIGROUP INC,Equity,Financials,2297907,US1729674242,New York Stock Exchange Inc.
LIN,LINDE PLC,Equity,Materials,BZ12WP8,IE00BZ12WP82,New York Stock Exchange Inc.
UTX,UNITED TECHNOLOGIES CORP,Equity,Industrials,2915500,US9130171096,New York Stock Exchange Inc.
CVS,CVS HEALTH CORP,Equity,Health Care,2577609,US1266501006,New York Stock Exchange Inc.
GE,GENERAL ELECTRIC,Equity,Industrials,2380498,US3696041033,New York Stock Exchange Inc.
MDLZ,MONDELEZ INTERNATIONAL INC CLASS A,Equity,Consumer Staples,B8CKK03,US6092071058,NASDAQ
CME,CME GROUP INC CLASS A,Equity,Financials,2965839,US12572Q1058,NASDAQ
D,DOMINION ENERGY INC,Equity,Utilities,2542049,US25746U1097,New York Stock Exchange Inc.
DUK,DUKE ENERGY CORP,Equity,Utilities,B7VD3F2,US26441C2044,New York Stock Exchange Inc.
SO,SOUTHERN,Equity,Utilities,2829601,US8425871071,New York Stock Exchange Inc.
AGN,ALLERGAN,Equity,Health Care,BY9D546,IE00BY9D5467,New York Stock Exchange Inc.
PLD,PROLOGIS REIT INC,Equity,Real Estate,B44WZD7,US74340W1036,New York Stock Exchange Inc.
CL,COLGATE-PALMOLIVE,Equity,Consumer Staples,2209106,US1941621039,New York Stock Exchange Inc.
BLK,BLACKROCK INC,Equity,Financials,2494504,US09247X1019,New York Stock Exchange Inc.
GS,GOLDMAN SACHS GROUP INC,Equity,Financials,2407966,US38141G1040,New York Stock Exchange Inc.
USB,US BANCORP,Equity,Financials,2736035,US9029733048,New York Stock Exchange Inc.
CB,CHUBB LTD,Equity,Financials,B3BQMF6,CH0044328745,New York Stock Exchange Inc.
MU,MICRON TECHNOLOGY INC,Equity,Information Technology,2588184,US5951121038,NASDAQ
TFC,TRUIST FINANCIAL CORP,Equity,Financials,BKP7287,US89832Q1094,New York Stock Exchange Inc.
PNC,PNC FINANCIAL SERVICES GROUP INC,Equity,Financials,2692665,US6934751057,New York Stock Exchange Inc.
MS,MORGAN STANLEY,Equity,Financials,2262314,US6174464486,New York Stock Exchange Inc.
KMB,KIMBERLY CLARK CORP,Equity,Consumer Staples,2491839,US4943681035,New York Stock Exchange Inc.
AEP,AMERICAN ELECTRIC POWER INC,Equity,Utilities,2026242,US0255371017,New York Stock Exchange Inc.
NEM,NEWMONT,Equity,Materials,2636607,US6516391066,New York Stock Exchange Inc.
EXC,EXELON CORP,Equity,Utilities,2670519,US30161N1019,NASDAQ
DLR,DIGITAL REALTY TRUST REIT INC,Equity,Real Estate,B03GQS4,US2538681030,New York Stock Exchange Inc.
COP,CONOCOPHILLIPS,Equity,Energy,2685717,US20825C1045,New York Stock Exchange Inc.
SRE,SEMPRA ENERGY,Equity,Utilities,2138158,US8168511090,New York Stock Exchange Inc.
WBA,WALGREEN BOOTS ALLIANCE INC,Equity,Consumer Staples,BTN1Y44,US9314271084,NASDAQ
ETN,EATON PLC,Equity,Industrials,B8KQN82,IE00B8KQN827,New York Stock Exchange Inc.
XEL,XCEL ENERGY INC,Equity,Utilities,2614807,US98389B1008,NASDAQ
GIS,GENERAL MILLS INC,Equity,Consumer Staples,2367026,US3703341046,New York Stock Exchange Inc.
FDX,FEDEX CORP,Equity,Industrials,2142784,US31428X1063,New York Stock Exchange Inc.
ALL,ALLSTATE CORP,Equity,Financials,2019952,US0200021014,New York Stock Exchange Inc.
GM,GENERAL MOTORS,Equity,Consumer Discretionary,B665KZ5,US37045V1008,New York Stock Exchange Inc.
KMI,KINDER MORGAN INC,Equity,Energy,B3NQ4P8,US49456B1017,New York Stock Exchange Inc.
BK,BANK OF NEW YORK MELLON CORP,Equity,Financials,B1Z77F6,US0640581007,New York Stock Exchange Inc.
WEC,WEC ENERGY GROUP INC,Equity,Utilities,BYY8XK8,US92939U1060,New York Stock Exchange Inc.
COF,CAPITAL ONE FINANCIAL CORP,Equity,Financials,2654461,US14040H1059,New York Stock Exchange Inc.
DD,DUPONT DE NEMOURS INC,Equity,Materials,BK0VN47,US26614N1028,New York Stock Exchange Inc.
AFL,AFLAC INC,Equity,Financials,2026361,US0010551028,New York Stock Exchange Inc.
MET,METLIFE INC,Equity,Financials,2573209,US59156R1086,New York Stock Exchange Inc.
ES,EVERSOURCE ENERGY,Equity,Utilities,BVVN4Q8,US30040W1080,New York Stock Exchange Inc.
ED,CONSOLIDATED EDISON INC,Equity,Utilities,2216850,US2091151041,New York Stock Exchange Inc.
PSX,PHILLIPS,Equity,Energy,B78C4Y8,US7185461040,New York Stock Exchange Inc.
AIG,AMERICAN INTERNATIONAL GROUP INC,Equity,Financials,2027342,US0268747849,New York Stock Exchange Inc.
STZ,CONSTELLATION BRANDS INC CLASS A,Equity,Consumer Staples,2170473,US21036P1084,New York Stock Exchange Inc.
KR,KROGER,Equity,Consumer Staples,2497406,US5010441013,New York Stock Exchange Inc.
EOG,EOG RESOURCES INC,Equity,Energy,2318024,US26875P1012,New York Stock Exchange Inc.
TEL,TE CONNECTIVITY LTD,Equity,Information Technology,B62B7C3,CH0102993182,New York Stock Exchange Inc.
PEG,PUBLIC SERVICE ENTERPRISE GROUP IN,Equity,Utilities,2707677,US7445731067,New York Stock Exchange Inc.
PRU,PRUDENTIAL FINANCIAL INC,Equity,Financials,2819118,US7443201022,New York Stock Exchange Inc.
DOW,DOW INC,Equity,Materials,BHXCF84,US2605571031,New York Stock Exchange Inc.
AWK,AMERICAN WATER WORKS INC,Equity,Utilities,B2R3PV1,US0304201033,New York Stock Exchange Inc.
SLB,SCHLUMBERGER NV,Equity,Energy,2779201,AN8068571086,New York Stock Exchange Inc.
WLTW,WILLIS TOWERS WATSON PLC,Equity,Financials,BDB6Q21,IE00BDB6Q211,NASDAQ
AVB,AVALONBAY COMMUNITIES REIT INC,Equity,Real Estate,2131179,US0534841012,New York Stock Exchange Inc.
FE,FIRSTENERGY CORP,Equity,Utilities,2100920,US3379321074,New York Stock Exchange Inc.
JCI,JOHNSON CONTROLS INTERNATIONAL PLC,Equity,Industrials,BY7QL61,IE00BY7QL619,New York Stock Exchange Inc.
PCAR,PACCAR INC,Equity,Industrials,2665861,US6937181088,NASDAQ
EIX,EDISON INTERNATIONAL,Equity,Utilities,2829515,US2810201077,New York Stock Exchange Inc.
EQR,EQUITY RESIDENTIAL REIT,Equity,Real Estate,2319157,US29476L1070,New York Stock Exchange Inc.
CMI,CUMMINS INC,Equity,Industrials,2240202,US2310211063,New York Stock Exchange Inc.
ZBH,ZIMMER BIOMET HOLDINGS INC,Equity,Health Care,2783815,US98956P1021,New York Stock Exchange Inc.
WELL,WELLTOWER INC,Equity,Real Estate,BYVYHH4,US95040Q1040,New York Stock Exchange Inc.
F,FORD MOTOR CO,Equity,Consumer Discretionary,2615468,US3453708600,New York Stock Exchange Inc.
ADM,ARCHER DANIELS MIDLAND,Equity,Consumer Staples,2047317,US0394831020,New York Stock Exchange Inc.
ETR,ENTERGY CORP,Equity,Utilities,2317087,US29364G1031,New York Stock Exchange Inc.
O,REALTY INCOME REIT CORP,Equity,Real Estate,2724193,US7561091049,New York Stock Exchange Inc.
PPL,PPL CORP,Equity,Utilities,2680905,US69351T1060,New York Stock Exchange Inc.
DTE,DTE ENERGY,Equity,Utilities,2280220,US2333311072,New York Stock Exchange Inc.
VLO,VALERO ENERGY CORP,Equity,Energy,2041364,US91913Y1001,New York Stock Exchange Inc.
CTVA,CORTEVA INC,Equity,Materials,BK73B42,US22052L1044,New York Stock Exchange Inc.
TSN,TYSON FOODS INC CLASS A,Equity,Consumer Staples,2909730,US9024941034,New York Stock Exchange Inc.
STT,STATE STREET CORP,Equity,Financials,2842040,US8574771031,New York Stock Exchange Inc.
AEE,AMEREN CORP,Equity,Utilities,2050832,US0236081024,New York Stock Exchange Inc.
ARE,ALEXANDRIA REAL ESTATE EQUITIES RE,Equity,Real Estate,2009210,US0152711091,New York Stock Exchange Inc.
WMB,WILLIAMS INC,Equity,Energy,2967181,US9694571004,New York Stock Exchange Inc.
PH,PARKER-HANNIFIN CORP,Equity,Industrials,2671501,US7010941042,New York Stock Exchange Inc.
SWK,STANLEY BLACK & DECKER INC,Equity,Industrials,B3Q2FJ4,US8545021011,New York Stock Exchange Inc.
CMS,CMS ENERGY CORP,Equity,Utilities,2219224,US1258961002,New York Stock Exchange Inc.
NTRS,NORTHERN TRUST CORP,Equity,Financials,2648668,US6658591044,NASDAQ
KHC,KRAFT HEINZ,Equity,Consumer Staples,BYRY499,US5007541064,NASDAQ
MPC,MARATHON PETROLEUM CORP,Equity,Energy,B3K3L40,US56585A1025,New York Stock Exchange Inc.
MTB,M&T BANK CORP,Equity,Financials,2340168,US55261F1049,New York Stock Exchange Inc.
ESS,ESSEX PROPERTY TRUST REIT INC,Equity,Real Estate,2316619,US2971781057,New York Stock Exchange Inc.
TIF,TIFFANY,Equity,Consumer Discretionary,2892090,US8865471085,New York Stock Exchange Inc.
LYB,LYONDELLBASELL INDUSTRIES NV CLASS,Equity,Materials,B3SPXZ3,NL0009434992,New York Stock Exchange Inc.
WY,WEYERHAEUSER REIT,Equity,Real Estate,2958936,US9621661043,New York Stock Exchange Inc.
HPE,HEWLETT PACKARD ENTERPRISE,Equity,Information Technology,BYVYWS0,US42824C1099,New York Stock Exchange Inc.
CAG,CONAGRA BRANDS INC,Equity,Consumer Staples,2215460,US2058871029,New York Stock Exchange Inc.
BXP,BOSTON PROPERTIES REIT INC,Equity,Real Estate,2019479,US1011211018,New York Stock Exchange Inc.
CAH,CARDINAL HEALTH INC,Equity,Health Care,2175672,US14149Y1082,New York Stock Exchange Inc.
EVRG,EVERGY INC,Equity,Utilities,BFMXGR0,US30034W1062,New York Stock Exchange Inc.
KSU,KANSAS CITY SOUTHERN,Equity,Industrials,2607647,US4851703029,New York Stock Exchange Inc.
WDC,WESTERN DIGITAL CORP,Equity,Information Technology,2954699,US9581021055,NASDAQ
AMCR,AMCOR PLC,Equity,Materials,BJ1F307,JE00BJ1F3079,New York Stock Exchange Inc.
DHI,D R HORTON INC,Equity,Consumer Discretionary,2250687,US23331A1097,New York Stock Exchange Inc.
HIG,HARTFORD FINANCIAL SERVICES GROUP,Equity,Financials,2476193,US4165151048,New York Stock Exchange Inc.
HRL,HORMEL FOODS CORP,Equity,Consumer Staples,2437264,US4404521001,New York Stock Exchange Inc.
FITB,FIFTH THIRD BANCORP,Equity,Financials,2336747,US3167731005,NASDAQ
LDOS,LEIDOS HOLDINGS INC,Equity,Information Technology,BDV82B8,US5253271028,New York Stock Exchange Inc.
IFF,INTERNATIONAL FLAVORS & FRAGRANCES,Equity,Materials,2464165,US4595061015,New York Stock Exchange Inc.
IP,INTERNATIONAL PAPER,Equity,Materials,2465254,US4601461035,New York Stock Exchange Inc.
DGX,QUEST DIAGNOSTICS INC,Equity,Health Care,2702791,US74834L1008,New York Stock Exchange Inc.
PEAK,HEALTHPEAK PROPERTIES INC,Equity,Real Estate,BJBLRK3,US42250P1030,New York Stock Exchange Inc.
CINF,CINCINNATI FINANCIAL CORP,Equity,Financials,2196888,US1720621010,NASDAQ
SJM,JM SMUCKER,Equity,Consumer Staples,2951452,US8326964058,New York Stock Exchange Inc.
MAA,MID AMERICA APARTMENT COMMUNITIES,Equity,Real Estate,2589132,US59522J1034,New York Stock Exchange Inc.
LNT,ALLIANT ENERGY CORP,Equity,Utilities,2973821,US0188021085,NASDAQ
OXY,OCCIDENTAL PETROLEUM CORP,Equity,Energy,2655408,US6745991058,New York Stock Exchange Inc.
ATO,ATMOS ENERGY CORP,Equity,Utilities,2315359,US0495601058,New York Stock Exchange Inc.
KEY,KEYCORP,Equity,Financials,2490911,US4932671088,New York Stock Exchange Inc.
DRE,DUKE REALTY REIT CORP,Equity,Real Estate,2284084,US2644115055,New York Stock Exchange Inc.
STX,SEAGATE TECHNOLOGY PLC,Equity,Information Technology,B58JVZ5,IE00B58JVZ52,NASDAQ
NLOK,NORTONLIFELOCK INC,Equity,Information Technology,BJN4XN5,US6687711084,NASDAQ
J,JACOBS ENGINEERING GROUP INC,Equity,Industrials,2469052,US4698141078,New York Stock Exchange Inc.
VTR,VENTAS REIT INC,Equity,Real Estate,2927925,US92276F1003,New York Stock Exchange Inc.
GRMN,GARMIN LTD,Equity,Consumer Discretionary,B3Z5T14,CH0114405324,NASDAQ
NDAQ,NASDAQ INC,Equity,Financials,2965107,US6311031081,NASDAQ
FMC,FMC CORP,Equity,Materials,2328603,US3024913036,New York Stock Exchange Inc.
NUE,NUCOR CORP,Equity,Materials,2651086,US6703461052,New York Stock Exchange Inc.
FCX,FREEPORT MCMORAN INC,Equity,Materials,2352118,US35671D8570,New York Stock Exchange Inc.
MAS,MASCO CORP,Equity,Industrials,2570200,US5745991068,New York Stock Exchange Inc.
GPC,GENUINE PARTS,Equity,Consumer Discretionary,2367480,US3724601055,New York Stock Exchange Inc.
QRVO,QORVO INC,Equity,Information Technology,BR9YYP4,US74736K1016,NASDAQ
RF,REGIONS FINANCIAL CORP,Equity,Financials,B01R311,US7591EP1005,New York Stock Exchange Inc.
HES,HESS CORP,Equity,Energy,2023748,US42809H1077,New York Stock Exchange Inc.
NI,NISOURCE INC,Equity,Utilities,2645409,US65473P1057,New York Stock Exchange Inc.
CE,CELANESE CORP,Equity,Materials,B05MZT4,US1508701034,New York Stock Exchange Inc.
L,LOEWS CORP,Equity,Financials,2523022,US5404241086,New York Stock Exchange Inc.
CFG,CITIZENS FINANCIAL GROUP INC,Equity,Financials,BQRX1X3,US1746101054,New York Stock Exchange Inc.
CXO,CONCHO RESOURCES INC,Equity,Energy,B1YWRK7,US20605P1012,New York Stock Exchange Inc.
CTL,CENTURYLINK INC,Equity,Communication,2185046,US1567001060,New York Stock Exchange Inc.
AES,AES CORP,Equity,Utilities,2002479,US00130H1059,New York Stock Exchange Inc.
PNW,PINNACLE WEST CORP,Equity,Utilities,2048804,US7234841010,New York Stock Exchange Inc.
PFG,PRINCIPAL FINANCIAL GROUP INC,Equity,Financials,2803014,US74251V1026,NASDAQ
HST,HOST HOTELS & RESORTS REIT INC,Equity,Real Estate,2567503,US44107P1049,New York Stock Exchange Inc.
HBAN,HUNTINGTON BANCSHARES INC,Equity,Financials,2445966,US4461501045,NASDAQ
XRAY,DENTSPLY SIRONA INC,Equity,Health Care,BYNPPC6,US24906P1093,NASDAQ
PKG,PACKAGING CORP OF AMERICA,Equity,Materials,2504566,US6951561090,New York Stock Exchange Inc.
BKR,BAKER HUGHES CLASS A,Equity,Energy,BDHLTQ5,US05722G1004,New York Stock Exchange Inc.
MYL,MYLAN NV,Equity,Health Care,BVFMFG8,NL0011031208,NASDAQ
CNP,CENTERPOINT ENERGY INC,Equity,Utilities,2440637,US15189T1079,New York Stock Exchange Inc.
WRK,WESTROCK,Equity,Materials,BYR0914,US96145D1054,New York Stock Exchange Inc.
WRB,WR BERKLEY CORP,Equity,Financials,2093644,US0844231029,New York Stock Exchange Inc.
UHS,UNIVERSAL HEALTH SERVICES INC CLAS,Equity,Health Care,2923785,US9139031002,New York Stock Exchange Inc.
TAP,MOLSON COORS BREWING CLASS B,Equity,Consumer Staples,B067BM3,US60871R2094,New York Stock Exchange Inc.
CCL,CARNIVAL CORP,Equity,Consumer Discretionary,2523044,PA1436583006,New York Stock Exchange Inc.
REG,REGENCY CENTERS REIT CORP,Equity,Real Estate,2726177,US7588491032,NASDAQ
GL,GLOBE LIFE INC,Equity,Financials,BK6YKG1,US37959E1029,New York Stock Exchange Inc.
RCL,ROYAL CARIBBEAN CRUISES LTD,Equity,Consumer Discretionary,2754907,LR0008862868,New York Stock Exchange Inc.
NRG,NRG ENERGY INC,Equity,Utilities,2212922,US6293775085,New York Stock Exchange Inc.
JNPR,JUNIPER NETWORKS INC,Equity,Information Technology,2431846,US48203R1041,New York Stock Exchange Inc.
ARNC,ARCONIC INC,Equity,Industrials,BD3D9G5,US03965L1008,New York Stock Exchange Inc.
UBFUT,CASH COLLATERAL USD UBFUT,Cash Collateral and Margins,Cash and/or Derivatives,-,-,-
PHM,PULTEGROUP INC,Equity,Consumer Discretionary,2708841,US7458671010,New York Stock Exchange Inc.
TXT,TEXTRON INC,Equity,Industrials,2885937,US8832031012,New York Stock Exchange Inc.
DVA,DAVITA INC,Equity,Health Care,2898087,US23918K1088,New York Stock Exchange Inc.
ALB,ALBEMARLE CORP,Equity,Materials,2046853,US0126531013,New York Stock Exchange Inc.
EMN,EASTMAN CHEMICAL,Equity,Materials,2298386,US2774321002,New York Stock Exchange Inc.
PRGO,PERRIGO PLC,Equity,Health Care,BGH1M56,IE00BGH1M568,New York Stock Exchange Inc.
DISCK,DISCOVERY INC SERIES C,Equity,Communication,B3D7KG4,US25470F3029,NASDAQ
AIZ,ASSURANT INC,Equity,Financials,2331430,US04621X1081,New York Stock Exchange Inc.
HAL,HALLIBURTON,Equity,Energy,2405302,US4062161017,New York Stock Exchange Inc.
SNA,SNAP ON INC,Equity,Industrials,2818740,US8330341012,New York Stock Exchange Inc.
VNO,VORNADO REALTY TRUST REIT,Equity,Real Estate,2933632,US9290421091,New York Stock Exchange Inc.
LNC,LINCOLN NATIONAL CORP,Equity,Financials,2516378,US5341871094,New York Stock Exchange Inc.
DISH,DISH NETWORK CORP CLASS A,Equity,Communication,2303581,US25470M1099,NASDAQ
FRT,FEDERAL REALTY INVESTMENT TRUST RE,Equity,Real Estate,2333931,US3137472060,New York Stock Exchange Inc.
NWL,NEWELL BRANDS INC,Equity,Consumer Discretionary,2635701,US6512291062,NASDAQ
PBCT,PEOPLES UNITED FINANCIAL INC,Equity,Financials,B1W41J2,US7127041058,NASDAQ
BWA,BORGWARNER INC,Equity,Consumer Discretionary,2111955,US0997241064,New York Stock Exchange Inc.
WHR,WHIRLPOOL CORP,Equity,Consumer Discretionary,2960384,US9633201069,New York Stock Exchange Inc.
PNR,PENTAIR,Equity,Industrials,BLS09M3,IE00BLS09M33,New York Stock Exchange Inc.
AIV,APARTMENT INVESTMENT AND MANAGEMEN,Equity,Real Estate,BJLNBG3,US03748R7540,New York Stock Exchange Inc.
BEN,FRANKLIN RESOURCES INC,Equity,Financials,2350684,US3546131018,New York Stock Exchange Inc.
MHK,MOHAWK INDUSTRIES INC,Equity,Consumer Discretionary,2598699,US6081901042,New York Stock Exchange Inc.
KIM,KIMCO REALTY REIT CORP,Equity,Real Estate,2491594,US49446R1095,New York Stock Exchange Inc.
ZION,ZIONS BANCORPORATION,Equity,Financials,2989828,US9897011071,NASDAQ
NOV,NATIONAL OILWELL VARCO INC,Equity,Energy,2624486,US6370711011,New York Stock Exchange Inc.
TPR,TAPESTRY INC,Equity,Consumer Discretionary,BF09HX3,US8760301072,New York Stock Exchange Inc.
LEG,LEGGETT & PLATT INC,Equity,Consumer Discretionary,2510682,US5246601075,New York Stock Exchange Inc.
SLG,SL GREEN REALTY REIT CORP,Equity,Real Estate,2096847,US78440X1019,New York Stock Exchange Inc.
DXC,DXC TECHNOLOGY,Equity,Information Technology,BYXD7B3,US23355L1061,New York Stock Exchange Inc.
RL,RALPH LAUREN CORP CLASS A,Equity,Consumer Discretionary,B4V9661,US7512121010,New York Stock Exchange Inc.
MOS,MOSAIC,Equity,Materials,B3NPHP6,US61945C1036,New York Stock Exchange Inc.
NWSA,NEWS CORP CLASS A,Equity,Communication,BBGVT40,US65249B1098,NASDAQ
IVZ,INVESCO LTD,Equity,Financials,B28XP76,BMG491BT1088,New York Stock Exchange Inc.
XRX,XEROX HOLDINGS CORP,Equity,Information Technology,BJJD5G3,US98421M1062,New York Stock Exchange Inc.
HFC,HOLLYFRONTIER CORP,Equity,Energy,B5VX1H6,US4361061082,New York Stock Exchange Inc.
DISCA,DISCOVERY INC SERIES A,Equity,Communication,B3D7K31,US25470F1049,NASDAQ
HOG,HARLEY DAVIDSON INC,Equity,Consumer Discretionary,2411053,US4128221086,New York Stock Exchange Inc.
MRO,MARATHON OIL CORP,Equity,Energy,2910970,US5658491064,New York Stock Exchange Inc.
UNM,UNUM,Equity,Financials,2433842,US91529Y1064,New York Stock Exchange Inc.
NBL,NOBLE ENERGY INC,Equity,Energy,2640761,US6550441058,NASDAQ
PVH,PVH CORP,Equity,Consumer Discretionary,B3V9F12,US6936561009,New York Stock Exchange Inc.
FTI,TECHNIPFMC PLC,Equity,Energy,BDSFG98,GB00BDSFG982,New York Stock Exchange Inc.
DVN,DEVON ENERGY CORP,Equity,Energy,2480677,US25179M1036,New York Stock Exchange Inc.
KSS,KOHLS CORP,Equity,Consumer Discretionary,2496113,US5002551043,New York Stock Exchange Inc.
APA,APACHE CORP,Equity,Energy,2043962,US0374111054,New York Stock Exchange Inc.
HP,HELMERICH & PAYNE INC,Equity,Energy,2420101,US4234521015,New York Stock Exchange Inc.
M,MACYS INC,Equity,Consumer Discretionary,2345022,US55616P1049,New York Stock Exchange Inc.
COTY,COTY INC CLASS A,Equity,Consumer Staples,BBBSMJ2,US2220702037,New York Stock Exchange Inc.
GPS,GAP INC,Equity,Consumer Discretionary,2360326,US3647601083,New York Stock Exchange Inc.
NWS,NEWS CORP CLASS B,Equity,Communication,BBGVT51,US65249B2088,NASDAQ